camera_code,video_filename,total_frames_sampled,total_detections,unique_tracked_vehicles,video_duration_sec,average_confidence
IG-01,13052823_3840_2160_30fps.mp4,101,3413,1572,20.2,0.868
CP-01,13067896_3840_2160_30fps.mp4,62,5251,1684,12.37,0.854
KB-01,13105470_3840_2160_30fps.mp4,296,8153,5007,59.2,0.879
LN-01,13172888_3840_2160_30fps.mp4,119,8280,2651,23.7,0.849
AI-01,13269027_3840_2160_30fps.mp4,50,4897,1664,9.97,0.841
NP-01,13269676_3840_2160_30fps.mp4,103,1720,483,20.43,0.862
CC-01,13270133_3840_2160_30fps.mp4,286,16360,6865,57.2,0.859
DW-01,13105476_3840_2160_30fps.mp4,600,25863,9102,119.97,0.88
DK-01,13268898_3840_2160_30fps.mp4,103,7971,2775,20.5,0.853
